Workbook

Sheet Sales Data
A1: Month | B1: Product | C1: Units Sold | D1: Unit Price ($) | E1: Revenue ($) | F1: Region | G1: Sales Rep | H1: Customer Segment
A2: Jan 2025 | B2: CloudSync Pro | C2: 24 | D2: 299 | E2: =C2*D2 -> 7176 | F2: Southeast | G2: Jordan Lee | H2: Startup
A3: Jan 2025 | B3: CloudSync Pro | C3: 45 | D3: 299 | E3: =C3*D3 -> 13455 | F3: Northeast | G3: Marcus Chen | H3: Enterprise
A4: Jan 2025 | B4: CloudSync Pro | C4: 27 | D4: 299 | E4: =C4*D4 -> 8073 | F4: Midwest | G4: Jordan Lee | H4: Startup
A5: Jan 2025 | B5: CloudSync Pro | C5: 79 | D5: 299 | E5: =C5*D5 -> 23621 | F5: West | G5: Jordan Lee | H5: Startup
A6: Jan 2025 | B6: DataVault | C6: 64 | D6: 199 | E6: =C6*D6 -> 12736 | F6: Southeast | G6: Jordan Lee | H6: Enterprise
A7: Jan 2025 | B7: DataVault | C7: 21 | D7: 199 | E7: =C7*D7 -> 4179 | F7: Northeast | G7: Marcus Chen | H7: Enterprise
A8: Jan 2025 | B8: DataVault | C8: 74 | D8: 199 | E8: =C8*D8 -> 14726 | F8: Midwest | G8: Sam Rivera | H8: Enterprise
A9: Jan 2025 | B9: DataVault | C9: 35 | D9: 199 | E9: =C9*D9 -> 6965 | F9: West | G9: Sam Rivera | H9: SMB
A10: Jan 2025 | B10: SecureAPI | C10: 38 | D10: 449 | E10: =C10*D10 -> 17062 | F10: Southeast | G10: Taylor Brooks | H10: Startup
A11: Jan 2025 | B11: SecureAPI | C11: 45 | D11: 449 | E11: =C11*D11 -> 20205 | F11: Northeast | G11: Jordan Lee | H11: Enterprise
A12: Jan 2025 | B12: SecureAPI | C12: 64 | D12: 449 | E12: =C12*D12 -> 28736 | F12: Midwest | G12: Priya Patel | H12: SMB
A13: Jan 2025 | B13: SecureAPI | C13: 29 | D13: 449 | E13: =C13*D13 -> 13021 | F13: West | G13: Marcus Chen | H13: SMB
... A121: Jun 2025 | B121: TeamFlow | C121: 80 | D121: 149 | E121: =C121*D121 -> 11920 | F121: West | G121: Marcus Chen | H121: SMB

Sheet Monthly Summary
A1: TechCo Sales Performance Dashboard — H1 2025
A2: Prepared by: Kala Minniefield | Business Analyst | kala.minniefield@gmail.com
A4: Total Revenue | C4: Total Units Sold | E4: Avg Monthly Revenue | G4: Top Product
A5: =G16 -> 1526379 | C5: =SUMPRODUCT(('Sales Data'!A2:A481<>"")*'Sales Data'!C2:C481) -> 5421 | E5: =G16/6 -> 254396.5 | G5: =INDEX(B9:F9,MATCH(MAX(B16:F16),B16:F16,0)) -> AI Assist
A6: Jan–Jun 2025 | C6: All Products | E6: 6-Month Period | G6: By Revenue
A8: Monthly Revenue by Product
A9: Month | B9: CloudSync Pro | C9: DataVault | D9: SecureAPI | E9: AI Assist | F9: TeamFlow | G9: Monthly Total
A10: Jan 2025 | B10: =SUMPRODUCT(('Sales Data'!A$2:A$481="Jan 2025")*('Sales Data'!B$2:B$481="CloudSync Pro")*'Sales Data'!E$2:E$481) -> 52325 | C10: =SUMPRODUCT(('Sales Data'!A$2:A$481="Jan 2025")*('Sales Data'!B$2:B$481="DataVault")*'Sales Data'!E$2:E$481) -> 38606 | D10: =SUMPRODUCT(('Sales Data'!A$2:A$481="Jan 2025")*('Sales Data'!B$2:B$481="SecureAPI")*'Sales Data'!E$2:E$481) -> 79024 | E10: =SUMPRODUCT(('Sales Data'!A$2:A$481="Jan 2025")*('Sales Data'!B$2:B$481="AI Assist")*'Sales Data'!E$2:E$481) -> 54444 | F10: =SUMPRODUCT(('Sales Data'!A$2:A$481="Jan 2025")*('Sales Data'!B$2:B$481="TeamFlow")*'Sales Data'!E$2:E$481) -> 26522 | G10: =SUM(B10:F10) -> 250921
A11: Feb 2025 | B11: =SUMPRODUCT(('Sales Data'!A$2:A$481="Feb 2025")*('Sales Data'!B$2:B$481="CloudSync Pro")*'Sales Data'!E$2:E$481) -> 58305 | C11: =SUMPRODUCT(('Sales Data'!A$2:A$481="Feb 2025")*('Sales Data'!B$2:B$481="DataVault")*'Sales Data'!E$2:E$481) -> 34626 | D11: =SUMPRODUCT(('Sales Data'!A$2:A$481="Feb 2025")*('Sales Data'!B$2:B$481="SecureAPI")*'Sales Data'!E$2:E$481) -> 78575 | E11: =SUMPRODUCT(('Sales Data'!A$2:A$481="Feb 2025")*('Sales Data'!B$2:B$481="AI Assist")*'Sales Data'!E$2:E$481) -> 76082 | F11: =SUMPRODUCT(('Sales Data'!A$2:A$481="Feb 2025")*('Sales Data'!B$2:B$481="TeamFlow")*'Sales Data'!E$2:E$481) -> 40677 | G11: =SUM(B11:F11) -> 288265
A12: Mar 2025 | B12: =SUMPRODUCT(('Sales Data'!A$2:A$481="Mar 2025")*('Sales Data'!B$2:B$481="CloudSync Pro")*'Sales Data'!E$2:E$481) -> 39767 | C12: =SUMPRODUCT(('Sales Data'!A$2:A$481="Mar 2025")*('Sales Data'!B$2:B$481="DataVault")*'Sales Data'!E$2:E$481) -> 44178 | D12: =SUMPRODUCT(('Sales Data'!A$2:A$481="Mar 2025")*('Sales Data'!B$2:B$481="SecureAPI")*'Sales Data'!E$2:E$481) -> 56125 | E12: =SUMPRODUCT(('Sales Data'!A$2:A$481="Mar 2025")*('Sales Data'!B$2:B$481="AI Assist")*'Sales Data'!E$2:E$481) -> 58632 | F12: =SUMPRODUCT(('Sales Data'!A$2:A$481="Mar 2025")*('Sales Data'!B$2:B$481="TeamFlow")*'Sales Data'!E$2:E$481) -> 20115 | G12: =SUM(B12:F12) -> 218817
A13: Apr 2025 | B13: =SUMPRODUCT(('Sales Data'!A$2:A$481="Apr 2025")*('Sales Data'!B$2:B$481="CloudSync Pro")*'Sales Data'!E$2:E$481) -> 63388 | C13: =SUMPRODUCT(('Sales Data'!A$2:A$481="Apr 2025")*('Sales Data'!B$2:B$481="DataVault")*'Sales Data'!E$2:E$481) -> 34626 | D13: =SUMPRODUCT(('Sales Data'!A$2:A$481="Apr 2025")*('Sales Data'!B$2:B$481="SecureAPI")*'Sales Data'!E$2:E$481) -> 35920 | E13: =SUMPRODUCT(('Sales Data'!A$2:A$481="Apr 2025")*('Sales Data'!B$2:B$481="AI Assist")*'Sales Data'!E$2:E$481) -> 84807 | F13: =SUMPRODUCT(('Sales Data'!A$2:A$481="Apr 2025")*('Sales Data'!B$2:B$481="TeamFlow")*'Sales Data'!E$2:E$481) -> 24436 | G13: =SUM(B13:F13) -> 243177
A14: May 2025 | B14: =SUMPRODUCT(('Sales Data'!A$2:A$481="May 2025")*('Sales Data'!B$2:B$481="CloudSync Pro")*'Sales Data'!E$2:E$481) -> 72956 | C14: =SUMPRODUCT(('Sales Data'!A$2:A$481="May 2025")*('Sales Data'!B$2:B$481="DataVault")*'Sales Data'!E$2:E$481) -> 34228 | D14: =SUMPRODUCT(('Sales Data'!A$2:A$481="May 2025")*('Sales Data'!B$2:B$481="SecureAPI")*'Sales Data'!E$2:E$481) -> 84861 | E14: =SUMPRODUCT(('Sales Data'!A$2:A$481="May 2025")*('Sales Data'!B$2:B$481="AI Assist")*'Sales Data'!E$2:E$481) -> 85156 | F14: =SUMPRODUCT(('Sales Data'!A$2:A$481="May 2025")*('Sales Data'!B$2:B$481="TeamFlow")*'Sales Data'!E$2:E$481) -> 25479 | G14: =SUM(B14:F14) -> 302680
A15: Jun 2025 | B15: =SUMPRODUCT(('Sales Data'!A$2:A$481="Jun 2025")*('Sales Data'!B$2:B$481="CloudSync Pro")*'Sales Data'!E$2:E$481) -> 36179 | C15: =SUMPRODUCT(('Sales Data'!A$2:A$481="Jun 2025")*('Sales Data'!B$2:B$481="DataVault")*'Sales Data'!E$2:E$481) -> 40397 | D15: =SUMPRODUCT(('Sales Data'!A$2:A$481="Jun 2025")*('Sales Data'!B$2:B$481="SecureAPI")*'Sales Data'!E$2:E$481) -> 46696 | E15: =SUMPRODUCT(('Sales Data'!A$2:A$481="Jun 2025")*('Sales Data'!B$2:B$481="AI Assist")*'Sales Data'!E$2:E$481) -> 68404 | F15: =SUMPRODUCT(('Sales Data'!A$2:A$481="Jun 2025")*('Sales Data'!B$2:B$481="TeamFlow")*'Sales Data'!E$2:E$481) -> 30843 | G15: =SUM(B15:F15) -> 222519
A16: TOTAL | B16: =SUM(B10:B15) -> 322920 | C16: =SUM(C10:C15) -> 226661 | D16: =SUM(D10:D15) -> 381201 | E16: =SUM(E10:E15) -> 427525 | F16: =SUM(F10:F15) -> 168072 | G16: =SUM(G10:G15) -> 1526379

Sheet Regional Breakdown
A1: Revenue by Region — H1 2025
A2: Region | B2: Jan | C2: Feb | D2: Mar | E2: Apr | F2: May | G2: Jun | H2: Total
A3: Southeast | B3: =SUMPRODUCT(('Sales Data'!A$2:A$481="Jan 2025")*('Sales Data'!F$2:F$481="Southeast")*'Sales Data'!E$2:E$481) -> 53643 | C3: =SUMPRODUCT(('Sales Data'!A$2:A$481="Feb 2025")*('Sales Data'!F$2:F$481="Southeast")*'Sales Data'!E$2:E$481) -> 66551 | D3: =SUMPRODUCT(('Sales Data'!A$2:A$481="Mar 2025")*('Sales Data'!F$2:F$481="Southeast")*'Sales Data'!E$2:E$481) -> 38197 | E3: =SUMPRODUCT(('Sales Data'!A$2:A$481="Apr 2025")*('Sales Data'!F$2:F$481="Southeast")*'Sales Data'!E$2:E$481) -> 85197 | F3: =SUMPRODUCT(('Sales Data'!A$2:A$481="May 2025")*('Sales Data'!F$2:F$481="Southeast")*'Sales Data'!E$2:E$481) -> 83312 | G3: =SUMPRODUCT(('Sales Data'!A$2:A$481="Jun 2025")*('Sales Data'!F$2:F$481="Southeast")*'Sales Data'!E$2:E$481) -> 55266 | H3: =SUM(B3:G3) -> 382166
A4: Northeast | B4: =SUMPRODUCT(('Sales Data'!A$2:A$481="Jan 2025")*('Sales Data'!F$2:F$481="Northeast")*'Sales Data'!E$2:E$481) -> 52520 | C4: =SUMPRODUCT(('Sales Data'!A$2:A$481="Feb 2025")*('Sales Data'!F$2:F$481="Northeast")*'Sales Data'!E$2:E$481) -> 72148 | D4: =SUMPRODUCT(('Sales Data'!A$2:A$481="Mar 2025")*('Sales Data'!F$2:F$481="Northeast")*'Sales Data'!E$2:E$481) -> 34584 | E4: =SUMPRODUCT(('Sales Data'!A$2:A$481="Apr 2025")*('Sales Data'!F$2:F$481="Northeast")*'Sales Data'!E$2:E$481) -> 59086 | F4: =SUMPRODUCT(('Sales Data'!A$2:A$481="May 2025")*('Sales Data'!F$2:F$481="Northeast")*'Sales Data'!E$2:E$481) -> 77713 | G4: =SUMPRODUCT(('Sales Data'!A$2:A$481="Jun 2025")*('Sales Data'!F$2:F$481="Northeast")*'Sales Data'!E$2:E$481) -> 38414 | H4: =SUM(B4:G4) -> 334465
A5: Midwest | B5: =SUMPRODUCT(('Sales Data'!A$2:A$481="Jan 2025")*('Sales Data'!F$2:F$481="Midwest")*'Sales Data'!E$2:E$481) -> 71608 | C5: =SUMPRODUCT(('Sales Data'!A$2:A$481="Feb 2025")*('Sales Data'!F$2:F$481="Midwest")*'Sales Data'!E$2:E$481) -> 84368 | D5: =SUMPRODUCT(('Sales Data'!A$2:A$481="Mar 2025")*('Sales Data'!F$2:F$481="Midwest")*'Sales Data'!E$2:E$481) -> 73337 | E5: =SUMPRODUCT(('Sales Data'!A$2:A$481="Apr 2025")*('Sales Data'!F$2:F$481="Midwest")*'Sales Data'!E$2:E$481) -> 52941 | F5: =SUMPRODUCT(('Sales Data'!A$2:A$481="May 2025")*('Sales Data'!F$2:F$481="Midwest")*'Sales Data'!E$2:E$481) -> 61298 | G5: =SUMPRODUCT(('Sales Data'!A$2:A$481="Jun 2025")*('Sales Data'!F$2:F$481="Midwest")*'Sales Data'!E$2:E$481) -> 49983 | H5: =SUM(B5:G5) -> 393535
A6: West | B6: =SUMPRODUCT(('Sales Data'!A$2:A$481="Jan 2025")*('Sales Data'!F$2:F$481="West")*'Sales Data'!E$2:E$481) -> 73150 | C6: =SUMPRODUCT(('Sales Data'!A$2:A$481="Feb 2025")*('Sales Data'!F$2:F$481="West")*'Sales Data'!E$2:E$481) -> 65198 | D6: =SUMPRODUCT(('Sales Data'!A$2:A$481="Mar 2025")*('Sales Data'!F$2:F$481="West")*'Sales Data'!E$2:E$481) -> 72699 | E6: =SUMPRODUCT(('Sales Data'!A$2:A$481="Apr 2025")*('Sales Data'!F$2:F$481="West")*'Sales Data'!E$2:E$481) -> 45953 | F6: =SUMPRODUCT(('Sales Data'!A$2:A$481="May 2025")*('Sales Data'!F$2:F$481="West")*'Sales Data'!E$2:E$481) -> 80357 | G6: =SUMPRODUCT(('Sales Data'!A$2:A$481="Jun 2025")*('Sales Data'!F$2:F$481="West")*'Sales Data'!E$2:E$481) -> 78856 | H6: =SUM(B6:G6) -> 416213
A7: TOTAL | B7: =SUM(B3:B6) -> 250921 | C7: =SUM(C3:C6) -> 288265 | D7: =SUM(D3:D6) -> 218817 | E7: =SUM(E3:E6) -> 243177 | F7: =SUM(F3:F6) -> 302680 | G7: =SUM(G3:G6) -> 222519 | H7: =SUM(H3:H6) -> 1526379
